{
    "XGBoost": {
        "RMSE": 2.7743823345529672,
        "MAE": 1.661356295923138,
        "R2": 0.9326117103516595,
        "MAPE": 0.11555313676131518,
        "Quantile_Loss_0.25": 0.9356507100248628,
        "Quantile_Loss_0.5": 0.830678147961569,
        "Quantile_Loss_0.75": 0.7257055858982753
    },
    "Random Forest": {
        "RMSE": 2.82800619914055,
        "MAE": 1.7216976617170008,
        "R2": 0.929981544426268,
        "MAPE": 0.12053133589437585,
        "Quantile_Loss_0.25": 1.0270245532923272,
        "Quantile_Loss_0.5": 0.8608488308585004,
        "Quantile_Loss_0.75": 0.6946731084246733
    },
    "Gradient Boosting": {
        "RMSE": 2.663599923854644,
        "MAE": 1.655923650236999,
        "R2": 0.9378859566977464,
        "MAPE": 0.11517361226799268,
        "Quantile_Loss_0.25": 0.9379198372862132,
        "Quantile_Loss_0.5": 0.8279618251184995,
        "Quantile_Loss_0.75": 0.7180038129507857
    },
    "Linear Regression": {
        "RMSE": 3.7172755399691977,
        "MAE": 2.3575023285330348,
        "R2": 0.8790234149798969,
        "MAPE": 0.1915852953917903,
        "Quantile_Loss_0.25": 1.5463415883394718,
        "Quantile_Loss_0.5": 1.1787511642665174,
        "Quantile_Loss_0.75": 0.8111607401935629
    },
    "Ridge Regression": {
        "RMSE": 3.7172635864088415,
        "MAE": 2.357517947243649,
        "R2": 0.8790241930220787,
        "MAPE": 0.19158877989401396,
        "Quantile_Loss_0.25": 1.5463423855604022,
        "Quantile_Loss_0.5": 1.1787589736218245,
        "Quantile_Loss_0.75": 0.811175561683247
    },
    "Lasso Regression": {
        "RMSE": 3.7142507078704243,
        "MAE": 2.3553937265430043,
        "R2": 0.8792202177023545,
        "MAPE": 0.19146228289587885,
        "Quantile_Loss_0.25": 1.5430726610381702,
        "Quantile_Loss_0.5": 1.1776968632715021,
        "Quantile_Loss_0.75": 0.8123210655048337
    }
}