{
    "cv_summary": {
        "XGBoost": {
            "mean_rmse": 3.0151239569847785,
            "std_rmse": 0.21072746727341357,
            "fold_rmse": [
                3.0506036108501067,
                3.020674764471124,
                3.340163491440731,
                2.8749860724866285,
                2.7891918456753033
            ]
        },
        "Random Forest": {
            "mean_rmse": 3.0859354126409912,
            "std_rmse": 0.25764261422296686,
            "fold_rmse": [
                3.1525789825598856,
                3.03785595859822,
                3.4686798712319806,
                3.011273706120487,
                2.7592885446943827
            ]
        },
        "Gradient Boosting": {
            "mean_rmse": 3.0084687056702264,
            "std_rmse": 0.24110493804648384,
            "fold_rmse": [
                3.1033206329053202,
                3.0413618244446017,
                3.318362554534889,
                2.9134422720126114,
                2.66585624445371
            ]
        },
        "Linear Regression": {
            "mean_rmse": 3.9233165529221607,
            "std_rmse": 0.4906204230696071,
            "fold_rmse": [
                4.61221987145036,
                3.8713728603322197,
                4.107767057967265,
                3.2736885100920587,
                3.751534464768902
            ]
        },
        "Ridge": {
            "mean_rmse": 3.923336375649029,
            "std_rmse": 0.49061950565434664,
            "fold_rmse": [
                4.612205877893987,
                3.871451991211893,
                4.107813567710579,
                3.273685967426178,
                3.7515244740025087
            ]
        },
        "Lasso": {
            "mean_rmse": 3.9157927329743343,
            "std_rmse": 0.48201539741088045,
            "fold_rmse": [
                4.582977376748517,
                3.8719114566315023,
                4.106381744291319,
                3.269305435712586,
                3.748387651487747
            ]
        }
    },
    "cv_folds": {
        "fold": [
            1,
            2,
            3,
            4,
            5
        ],
        "xgb_rmse": [
            3.0506036108501067,
            3.020674764471124,
            3.340163491440731,
            2.8749860724866285,
            2.7891918456753033
        ],
        "rf_rmse": [
            3.1525789825598856,
            3.03785595859822,
            3.4686798712319806,
            3.011273706120487,
            2.7592885446943827
        ],
        "gb_rmse": [
            3.1033206329053202,
            3.0413618244446017,
            3.318362554534889,
            2.9134422720126114,
            2.66585624445371
        ],
        "lr_rmse": [
            4.61221987145036,
            3.8713728603322197,
            4.107767057967265,
            3.2736885100920587,
            3.751534464768902
        ],
        "ridge_rmse": [
            4.612205877893987,
            3.871451991211893,
            4.107813567710579,
            3.273685967426178,
            3.7515244740025087
        ],
        "lasso_rmse": [
            4.582977376748517,
            3.8719114566315023,
            4.106381744291319,
            3.269305435712586,
            3.748387651487747
        ]
    }
}