Model,RMSE,MAE,R2,MAPE,Production_Ready
XGBoost,2.7743823345529672,1.661356295923138,0.9326117103516595,0.11555313676131518,Yes
Random Forest,2.82800619914055,1.7216976617170008,0.929981544426268,0.12053133589437585,Yes
Gradient Boosting,2.663599923854644,1.655923650236999,0.9378859566977464,0.11517361226799268,Yes
Linear Regression,3.7172755399691977,2.3575023285330348,0.8790234149798969,0.1915852953917903,Yes
Ridge Regression,3.7172635864088415,2.357517947243649,0.8790241930220787,0.19158877989401396,Yes
Lasso Regression,3.7142507078704243,2.3553937265430043,0.8792202177023545,0.19146228289587885,Yes
